{"nodes":{"node:1":{"location":{"x":-540,"y":-422}},"node:11":{"location":{"x":-828,"y":42}},"node:15":{"location":{"x":-220,"y":-6}},"node:18":{"location":{"x":-1052,"y":234}},"node:21":{"location":{"x":-812,"y":234}},"node:24":{"location":{"x":-588,"y":234}},"node:3":{"location":{"x":-540,"y":-310}},"node:7":{"location":{"x":-508,"y":-134}}},"selection":["node:11","node:18","node:21","node:24"],"view":{"scroll":{"x":-879.89276123046875,"y":-333.097900390625},"visible_rect":{"max":{"x":165.476318359375,"y":651.8695068359375},"min":{"x":-1173.1904296875,"y":-444.13055419921875}},"zoom":0.75}}